INSERT INTO addresses (country, state, state_abbreviation, city, street, zip, created, updated)
VALUES ('USA', 'Alabama', 'AL', 'Montgomery', 'Street 1', 36101, '1819-12-14', NOW()),
       ('USA', 'Alaska', 'AK', 'Juneau', 'Street 2', 99801, '1959-01-03', NOW()),
       ('USA', 'Arizona', 'AZ', 'Phoenix', 'Street 3', 85001, '1912-02-14', NOW()),
       ('USA', 'Arkansas', 'AR', 'Little Rock', 'Street 4', 72201, '1836-06-15', NOW()),
       ('USA', 'California', 'CA', 'Sacramento', 'Street 5', 94203, '1850-09-09', NOW()),
       ('USA', 'Colorado', 'CO', 'Denver', 'Street 6', 80002, '1876-08-01', NOW()),
       ('USA', 'Connecticut', 'CT', 'Hartford', 'Street 7', 06101, '1788-01-09', NOW()),
       ('USA', 'Delaware', 'DE', 'Dover', 'Street 8', 19901, '1787-12-07', NOW()),
       ('USA', 'Florida', 'FL', 'Tallahassee', 'Street 9', 32301, '1845-03-03', NOW()),
       ('USA', 'Georgia', 'GA', 'Atlanta', 'Street 10', 30301, '1788-01-02', NOW()),
       ('USA', 'Hawaii', 'HI', 'Honolulu', 'Street 11', 96801, '1959-08-21', NOW()),
       ('USA', 'Idaho', 'ID', 'Boise', 'Street 12', 83701, '1890-07-03', NOW()),
       ('USA', 'Illinois', 'IL', 'Springfield', 'Street 13', 62701, '1818-12-03', NOW()),
       ('USA', 'Indiana', 'IN', 'Indianapolis', 'Street 14', 46201, '1816-12-11', NOW()),
       ('USA', 'Iowa', 'IA', 'Des Moines', 'Street 15', 50301, '1846-12-28', NOW()),
       ('USA', 'Kansas', 'KS', 'Topeka', 'Street 16', 66601, '1861-01-29', NOW()),
       ('USA', 'Kentucky', 'KY', 'Frankfort', 'Street 17', 40601, '1792-06-01', NOW()),
       ('USA', 'Louisiana', 'LA', 'Baton Rouge', 'Street 18', 70801, '1812-04-30', NOW()),
       ('USA', 'Maine', 'ME', 'Augusta', 'Street 19', 04330, '1820-03-15', NOW()),
       ('USA', 'Maryland', 'MD', 'Annapolis', 'Street 20', 21401, '1788-04-28', NOW());

INSERT INTO phones (number, area_code, country_code, created, updated)
VALUES (1111111, 205, 1, NOW(), NOW()),
       (2222222, 907, 1, NOW(), NOW()),
       (3333333, 480, 1, NOW(), NOW()),
       (4444444, 479, 1, NOW(), NOW()),
       (5555555, 209, 1, NOW(), NOW()),
       (6666666, 303, 1, NOW(), NOW()),
       (7777777, 203, 1, NOW(), NOW()),
       (8888888, 302, 1, NOW(), NOW()),
       (9999999, 239, 1, NOW(), NOW()),
       (1010101, 829, 1, NOW(), NOW()),
       (1212121, 808, 1, NOW(), NOW()),
       (1313131, 208, 1, NOW(), NOW()),
       (1414141, 217, 1, NOW(), NOW()),
       (1515151, 219, 1, NOW(), NOW()),
       (1616161, 319, 1, NOW(), NOW()),
       (1717171, 316, 1, NOW(), NOW()),
       (1818181, 270, 1, NOW(), NOW()),
       (1919191, 225, 1, NOW(), NOW()),
       (2020202, 207, 1, NOW(), NOW()),
       (2121212, 240, 1, NOW(), NOW());

INSERT INTO users(role, username, password)
VALUES ('ADMIN', 'customer_1', 'password_1'),
       ('ADMIN', 'customer_2', 'password_2'),
       ('ADMIN', 'customer_3', 'password_3'),
       ('ADMIN', 'customer_4', 'password_4'),
       ('ADMIN', 'customer_5', 'password_5'),
       ('ADMIN', 'customer_6', 'password_6'),
       ('ADMIN', 'customer_7', 'password_7'),
       ('ADMIN', 'customer_8', 'password_8'),
       ('ADMIN', 'customer_9', 'password_9'),
       ('ADMIN', 'customer_10', 'password_10'),
       ('CLIENT', 'customer_11', 'password_11'),
       ('CLIENT', 'customer_12', 'password_12'),
       ('CLIENT', 'customer_13', 'password_13'),
       ('CLIENT', 'customer_14', 'password_14'),
       ('CLIENT', 'customer_15', 'password_15'),
       ('CLIENT', 'customer_16', 'password_16'),
       ('CLIENT', 'customer_17', 'password_17'),
       ('CLIENT', 'customer_18', 'password_18'),
       ('CLIENT', 'customer_19', 'password_19'),
       ('CLIENT', 'customer_20', 'password_20');

INSERT INTO customers(email, user_id)
VALUES (null, 11),
       ('mail_2', 12),
       ('mail_3', 13),
       ('mail_4', 14),
       (null, 15),
       (null, 16),
       ('mail_7', 17),
       (null, 18),
       ('mail_9', 19),
       (null, 20);

INSERT INTO vendors(account_number, name, user_id)
VALUES ('JNCHE8WOWKDC', 'name_1', 1),
       ('MKDMIDJMI039', 'name_2', 2),
       ('JDDHJWU8229J', 'name_3', 3),
       ('AZKANBWIU222', 'name_4', 4),
       ('JAYI02YRAG27', 'name_5', 5),
       ('NHYA529SB2GS', 'name_6', 6),
       ('NSY6280AB2YS', 'name_7', 7),
       ('NGRA39407ZNA', 'name_8', 8),
       ('235GHX89NSHJ', 'name_9', 9),
       ('NAGWKW739ZK9', 'name_10', 10);

INSERT INTO businesses (favour, cost, address_id, phone_id, user_id)
VALUES ('favour_1', 1, 1, 1, 1),
       ('favour_2', 2, 2, 2, 2),
       ('favour_3', 3, 3, 3, 3),
       ('favour_4', 4, 4, 4, 4),
       ('favour_5', 5, 5, 5, 5),
       ('favour_6', 6, 6, 6, 6),
       ('favour_7', 7, 7, 7, 7),
       ('favour_8', 8, 8, 8, 8),
       ('favour_9', 9, 9, 9, 9),
       ('favour_10', 10, 10, 10, 10);

INSERT INTO billings (first_name, last_name, address_id, phone_id, user_id)
VALUES ('first_1', 'last_1', 1, 1, 1),
       ('first_2', 'last_2', 2, 2, 2),
       ('first_3', 'last_3', 3, 3, 3),
       ('first_4', 'last_4', 4, 4, 4),
       ('first_5', 'last_5', 5, 5, 5),
       ('first_6', 'last_6', 6, 6, 6),
       ('first_7', 'last_7', 7, 7, 7),
       ('first_8', 'last_8', 8, 8, 8),
       ('first_9', 'last_9', 9, 9, 9),
       ('first_10', 'last_10', 10, 10, 10),
       ('first_11', 'last_11', 11, 11, 11),
       ('first_12', 'last_12', 12, 12, 12),
       ('first_13', 'last_13', 13, 13, 13),
       ('first_14', 'last_14', 14, 14, 14),
       ('first_15', 'last_15', 15, 15, 15),
       ('first_16', 'last_16', 16, 16, 16),
       ('first_17', 'last_17', 17, 17, 17),
       ('first_18', 'last_18', 18, 18, 18),
       ('first_19', 'last_19', 19, 19, 19),
       ('first_20', 'last_20', 20, 20, 20);

INSERT INTO payments(amount, created, billing_id)
VALUES (1, NOW(), 11),
       (2, NOW(), 12),
       (3, NOW(), 13),
       (4, NOW(), 14),
       (5, NOW(), 15),
       (6, NOW(), 16),
       (7, NOW(), 17),
       (8, NOW(), 18),
       (9, NOW(), 19),
       (10, NOW(), 20);

INSERT INTO orders (total_cost, created, user_id)
VALUES (1, NOW(), 11),
       (2, NOW(), 12),
       (3, NOW(), 13),
       (4, NOW(), 14),
       (5, NOW(), 15),
       (6, NOW(), 16),
       (7, NOW(), 17),
       (8, NOW(), 18),
       (9, NOW(), 19),
       (10, NOW(), 20);

INSERT INTO order_details (order_id, business_id, number, cost)
VALUES (1, 1, 1, 1),
       (2, 2, 1, 2),
       (3, 3, 1, 3),
       (4, 4, 1, 4),
       (5, 5, 1, 5),
       (6, 6, 1, 6),
       (7, 7, 1, 7),
       (8, 8, 1, 8),
       (9, 9, 1, 9),
       (10, 10, 1, 10);